date,ticker,article_count,avg_tone_mean,avg_tone_std
20160930,TRI,6616,-2.2611,2.9928
20160930,NFLX,991,-0.1598,2.381
20160930,MARUTI.NS,319,0.4533,2.0158
20160930,MSFT,1185,0.2536,2.4858
20160930,WMT,358,-0.6383,2.8087
20160930,INTC,279,0.2539,2.5554
20160930,AAPL,400,-1.2284,2.8433
20160930,WEC,331,0.0767,1.3259
20160930,WDC,5,2.4146,1.031
20160930,QCOM,406,-0.1293,1.9799
20160930,WBD,229,0.262,2.3677
20160930,AZN,55,-0.4636,2.0677
20160930,ILMN,6,-0.1652,2.3234
20160930,PEP,109,-0.0284,2.2259
20160930,GOOGL,128,-0.393,2.342
20160930,GOOG,128,-0.393,2.342
20160930,GODREJCP.NS,7,0.5674,1.4434
20160930,WIPRO.NS,102,0.4293,2.7536
20160930,LICI.NS,13,-1.1887,2.7285
20160930,TATASTEEL.NS,107,-1.059,2.5719
20160930,RELIANCE.NS,91,-1.0002,1.6957
20160930,MRVL,13,2.7498,4.6188
20160930,TSLA,202,-2.2705,2.993
20160930,SIEMENS.NS,87,0.8152,1.8331
20160930,ADANIPORTS.NS,2,0.8155,2.2039
20160930,CTSH,241,-1.1496,1.9472
20160930,VEDL.NS,29,0.3794,2.2907
20160930,IOC.NS,51,-0.8858,2.0827
20160930,BPCL.NS,15,0.2778,2.0423
20160930,BHARTIARTL.NS,75,-0.7281,2.7992
20160930,SBUX,405,-0.8199,2.9677
20160930,CSCO,35,0.75,1.6505
20160930,HON,68,0.279,2.6625
20160930,ALKEM.NS,30,-1.5869,2.7336
20160930,BKR,116,-1.51,1.644
20160930,HINDUNILVR.NS,83,1.1182,2.1191
20160930,AMGN,60,-0.3012,2.1648
20160930,KOTAKBANK.NS,44,0.5859,1.8855
20160930,CTAS,8,1.6062,3.2672
20160930,NXPI,6,1.0389,0.5794
20160930,INFY.NS,107,-0.1054,2.9918
20160930,TXN,43,1.4026,1.5213
20160930,CIPLA.NS,66,-1.2224,2.2418
20160930,AEP,13,1.1159,2.3839
20160930,ADANIENT.NS,4,-1.7024,2.5734
20160930,AXISBANK.NS,25,0.6194,2.8268
20160930,BEL.NS,10,1.6049,1.8355
20160930,BAJAJ-AUTO.NS,19,0.1692,1.9696
20160930,GILD,33,0.2853,1.9793
20160930,CHTR,13,1.6868,1.5191
20160930,ONGC.NS,13,-0.426,1.5734
20160930,EA,33,1.506,2.3444
20160930,EXC,13,5.092,1.3229
20160930,MNST,7,-0.3513,0.9975
20160930,STX,55,-0.3038,1.1858
20160930,ARM,49,-0.4939,1.0568
20160930,TITAN.NS,11,2.01,3.5899
20160930,NVDA,60,1.8571,2.1945
20160930,APP,1,1.6626,0.0
20160930,AVGO,33,1.184,1.4499
20160930,MAR,46,2.0304,2.5563
20160930,DABUR.NS,11,1.5372,2.9569
20160930,TCS.NS,18,-0.5748,2.5907
20160930,HAL.NS,4,-0.8923,2.5417
20160930,MU,17,0.6579,3.0825
20160930,VRTX,17,0.8808,1.5139
20160930,AUROPHARMA.NS,5,0.6776,1.995
20160930,PYPL,45,-0.2735,1.1693
20160930,REGN,38,-1.328,3.1339
20160930,CDNS,3,2.4132,0.6084
20160930,MDLZ,12,1.6422,1.5776
20160930,AMAT,5,1.5143,2.7177
20160930,ABNB,4,0.9992,4.0621
20160930,PAGEIND.NS,1,0.3049,0.0
20160930,GRASIM.NS,10,-1.5843,0.7693
20160930,SUNPHARMA.NS,3,-0.855,0.7584
20160930,POWERGRID.NS,11,-1.5276,1.8275
20160930,GEHC,25,0.941,3.2368
20160930,ADI,16,1.4218,1.0846
20160930,AMD,5,1.6698,1.0426
20160930,COALINDIA.NS,5,-0.7083,1.2106
20160930,BIIB,12,-1.0204,2.4776
20160930,LUPIN.NS,6,0.6759,2.5276
20160930,PCAR,4,1.5688,1.7511
20160930,ADBE,11,0.216,2.5324
20160930,PANW,14,-0.739,3.1113
20160930,HINDALCO.NS,3,-0.0494,0.8104
20160930,CUMMINSIND.NS,35,0.4764,3.0475
20160930,EICHERMOT.NS,19,-3.3841,2.3918
20160930,MARICO.NS,2,2.0889,2.2289
20160930,ORLY,3,1.0609,0.0907
20160930,IRCTC.NS,17,-1.8135,1.586
20160930,HINDPETRO.NS,10,0.4414,2.4436
20160930,HDFCBANK.NS,2,1.3001,0.002
20160930,ICICIBANK.NS,4,1.5739,0.3163
20160930,WDAY,5,1.967,1.613
20160930,PAYX,7,-0.5914,1.9502
20160930,OBEROIRLTY.NS,6,1.6543,2.6911
20160930,KDP,4,0.8754,2.0314
20160930,ADANIGREEN.NS,12,-0.3777,1.0012
20160930,TTWO,1,5.2381,0.0
20160930,LULU,2,-1.2519,5.5131
20160930,DXCM,6,-1.1998,0.7348
20160930,HEROMOTOCO.NS,1,3.8634,0.0
20160930,APOLLOHOSP.NS,1,0.6667,0.0
20160930,KHC,7,0.7473,1.4725
20160930,UNITDSPR.NS,3,-1.0949,2.1
20160930,ADSK,13,2.4527,2.55
20160930,PIDILITIND.NS,1,2.5316,0.0
20160930,IDXX,4,2.3344,1.2379
20160930,RECLTD.NS,3,1.5764,1.681
20160930,TATAPOWER.NS,3,0.4743,2.1027
20160930,FAST,3,3.092,0.6347
20160930,SNPS,1,1.8215,0.0
20160930,MCHP,8,0.7666,0.8695
20160930,INTU,1,3.1927,0.0
20160930,AMBUJACEM.NS,1,2.8249,0.0
20160930,ROST,2,1.0733,0.6522
20160930,SHOP,2,0.8888,0.3913
20160930,MELI,2,0.5188,0.1319
20160930,BRITANNIA.NS,4,1.0555,1.5567
20160930,ASIANPAINT.NS,1,-2.7833,0.0
20160930,KLAC,1,0.7322,0.0
20160930,ASML,1,0.7322,0.0
20160930,LRCX,1,0.7322,0.0
20160930,ODFL,2,1.0192,0.0369
20160930,ISRG,1,-1.1876,0.0
20160930,ETERNAL.NS,2,-1.9788,0.0224
20160930,TECHM.NS,1,3.0892,0.0
20160930,VBL.NS,2,0.5576,0.7886
20160930,DMART.NS,2,1.1304,1.5987
20160930,ULTRACEMCO.NS,1,0.3247,0.0
20160930,PFC.NS,1,-2.6912,0.0
20161001,TRI,2835,-2.4826,3.0531
20161001,WBD,70,0.5086,2.445
20161001,WMT,149,-0.7885,3.6498
20161001,BHARTIARTL.NS,108,-0.4092,1.2898
20161001,MSFT,503,0.2331,2.1511
20161001,TSLA,89,-0.5293,2.0035
20161001,GOOGL,52,-1.1581,2.1163
20161001,GOOG,52,-1.1581,2.1163
20161001,AAPL,234,-2.0765,2.6747
20161001,NFLX,438,-0.6023,3.22
20161001,KOTAKBANK.NS,33,0.807,2.6997
20161001,WEC,171,0.3061,0.9657
20161001,CTSH,74,-2.0124,1.9568
20161001,HINDUNILVR.NS,22,1.5382,2.584
20161001,IOC.NS,12,-1.4358,3.0726
20161001,AMGN,53,-0.0749,1.6972
20161001,INFY.NS,50,-1.0098,2.9234
20161001,QCOM,68,-0.3083,1.9918
20161001,INTC,137,0.3421,2.3044
20161001,NVDA,31,0.3733,1.7304
20161001,TITAN.NS,8,1.0006,2.9047
20161001,RELIANCE.NS,29,-0.6546,1.9243
20161001,AXISBANK.NS,10,-0.1247,2.9724
20161001,MARUTI.NS,105,-0.7521,2.358
20161001,WIPRO.NS,16,1.0329,1.9782
20161001,NXPI,1,0.7568,0.0
20161001,PFC.NS,9,0.4993,1.542
20161001,POWERGRID.NS,10,0.8026,1.5491
20161001,SBUX,127,0.4668,2.7317
20161001,VRTX,7,-0.2639,1.938
20161001,EICHERMOT.NS,7,-0.1856,0.925
20161001,BAJAJ-AUTO.NS,10,-2.1609,3.5695
20161001,MU,17,-2.0657,2.2315
20161001,LUPIN.NS,4,-1.7195,0.3507
20161001,TCS.NS,6,-0.1779,2.8342
20161001,CIPLA.NS,21,-1.7421,1.6369
20161001,TATASTEEL.NS,13,-1.2711,1.734
20161001,HON,17,1.3197,2.0238
20161001,HINDPETRO.NS,4,-2.0758,1.3064
20161001,BPCL.NS,5,-1.3797,1.9242
20161001,REGN,29,-2.7756,2.1055
20161001,SUNPHARMA.NS,6,0.0497,0.2439
20161001,PYPL,6,-0.1848,0.3968
20161001,BKR,23,-1.2265,1.7618
20161001,MAR,9,2.9271,2.0379
20161001,SIEMENS.NS,28,-0.1609,2.366
20161001,ROST,2,1.4523,0.2712
20161001,GODREJCP.NS,14,3.3079,3.1619
20161001,ODFL,4,1.6421,0.6381
20161001,AMAT,1,0.6231,0.0
20161001,VEDL.NS,4,1.0712,1.0079
20161001,CTAS,3,0.4333,2.2239
20161001,ADSK,5,2.4368,4.2742
20161001,AZN,16,-1.1773,2.1816
20161001,ADANIGREEN.NS,7,-0.1877,2.3329
20161001,TXN,13,1.2042,1.2091
20161001,LICI.NS,4,-0.853,0.7501
20161001,GILD,12,0.4998,3.1933
20161001,PEP,17,0.0771,2.0719
20161001,CHTR,5,2.6396,2.8592
20161001,TATAPOWER.NS,2,-2.0421,1.674
20161001,RECLTD.NS,4,0.1729,2.8069
20161001,EA,10,0.9976,2.8279
20161001,AVGO,7,0.7136,1.2093
20161001,ADBE,3,1.618,3.2662
20161001,KHC,4,0.9885,0.5583
20161001,LULU,1,1.3789,0.0
20161001,STX,12,-0.6638,1.4654
20161001,DABUR.NS,5,1.0199,1.7539
20161001,PAYX,5,1.3301,1.8088
20161001,CSCO,9,2.0318,1.0593
20161001,TTWO,2,0.5103,3.2501
20161001,COALINDIA.NS,11,0.169,1.2826
20161001,MNST,9,-2.323,0.0012
20161001,ARM,9,-1.1868,1.2524
20161001,WDC,4,2.3029,1.1319
20161001,MELI,3,1.3586,0.7191
20161001,ONGC.NS,6,0.4478,1.605
20161001,AEP,4,-2.5693,5.299
20161001,IRCTC.NS,8,0.319,2.0762
20161001,ALKEM.NS,7,-0.8223,0.9278
20161001,AMD,2,1.7285,0.3799
20161001,ADI,3,1.3158,0.5646
20161001,PANW,4,0.8892,1.0656
20161001,MRVL,7,-4.143,0.7346
20161001,CUMMINSIND.NS,7,0.6224,2.303
20161001,AUROPHARMA.NS,2,0.9939,1.8392
20161001,INDHOTEL.NS,4,1.462,0.847
20161001,GEHC,2,0.0175,2.2936
20161001,EXC,1,1.0363,0.0
20161001,ORLY,1,1.5483,0.0
20161001,ETERNAL.NS,1,-1.9947,0.0
20161001,SBIN.NS,1,-1.8797,0.0
20161001,ABNB,1,-2.5261,0.0
20161001,PIDILITIND.NS,1,3.4483,0.0
20161001,KDP,3,1.4082,3.6039
20161001,WDAY,1,3.6137,0.0
20161001,BEL.NS,1,1.0403,0.0
20161001,MDLZ,1,4.5543,0.0
20161002,TRI,2540,-2.8505,3.3766
20161002,CSCO,80,-0.252,0.7128
20161002,MSFT,317,0.3021,2.2176
20161002,VEDL.NS,2,-0.3155,0.0868
20161002,INFY.NS,52,-0.4086,3.0414
20161002,WBD,50,0.2988,1.8126
20161002,MAR,14,2.3795,1.8975
20161002,TXN,14,0.4504,0.62
20161002,INTC,86,-0.3346,2.7851
20161002,BHARTIARTL.NS,36,0.2082,1.9348
20161002,CTSH,25,-2.0376,1.9791
20161002,TSLA,85,-0.379,1.565
20161002,NFLX,407,-0.411,2.2678
20161002,AEP,6,-0.2526,2.7549
20161002,IRCTC.NS,6,-1.0217,1.7334
20161002,AAPL,107,-2.4659,4.6257
20161002,WMT,107,-0.9648,3.2985
20161002,SBUX,91,0.3907,2.7135
20161002,COALINDIA.NS,7,-0.8718,2.0386
20161002,GODREJCP.NS,11,1.5263,3.2084
20161002,AXISBANK.NS,11,1.2904,1.8874
20161002,WEC,75,0.0284,0.9416
20161002,POWERGRID.NS,13,-6.1632,2.8814
20161002,LICI.NS,15,-5.4805,3.6151
20161002,CUMMINSIND.NS,7,1.1054,0.4495
20161002,SIEMENS.NS,74,-0.541,2.1065
20161002,RELIANCE.NS,33,-0.5924,1.2981
20161002,HINDZINC.NS,8,-1.4669,1.4843
20161002,GOOGL,39,-0.3975,3.0779
20161002,GOOG,39,-0.3975,3.0779
20161002,LUPIN.NS,4,-0.9491,0.3126
20161002,HON,23,1.5553,1.9212
20161002,ONGC.NS,6,-0.1747,1.5723
20161002,MARUTI.NS,22,0.1468,2.7234
20161002,AMGN,37,-1.1927,1.9296
20161002,TCS.NS,29,0.1551,1.9354
20161002,NVDA,16,1.1554,1.5566
20161002,QCOM,50,-0.3883,1.7487
20161002,PFC.NS,5,-0.388,1.6826
20161002,AZN,30,-0.3765,1.7511
20161002,REGN,11,-3.1763,1.5595
20161002,CHTR,3,1.7903,1.4753
20161002,WIPRO.NS,22,2.2649,2.4324
20161002,PCAR,7,2.2528,0.9852
20161002,AMD,1,8.0087,0.0
20161002,BIIB,5,-1.2047,2.1977
20161002,WDC,6,1.0246,1.2446
20161002,HINDUNILVR.NS,19,0.9321,2.5173
20161002,PANW,5,-1.3084,1.5486
20161002,TATASTEEL.NS,17,-0.7841,2.7868
20161002,MU,6,-0.5717,1.0036
20161002,AVGO,6,1.639,2.274
20161002,BAJAJ-AUTO.NS,7,-1.2062,3.4743
20161002,ADBE,6,0.6788,1.5077
20161002,BKR,15,-0.5778,1.1495
20161002,DABUR.NS,3,1.028,0.879
20161002,TTWO,1,1.2552,0.0
20161002,CIPLA.NS,3,-2.4514,0.7856
20161002,GILD,2,-3.7457,1.4371
20161002,PEP,10,1.5468,2.188
20161002,STX,12,-1.1586,1.7328
20161002,ARM,10,-1.6601,1.4116
20161002,ADSK,6,1.0654,0.7466
20161002,EXC,1,-0.3738,0.0
20161002,KOTAKBANK.NS,7,1.5438,1.6906
20161002,ADANIGREEN.NS,1,-1.1429,0.0
20161002,AMAT,2,-0.5244,0.0015
20161002,MDLZ,7,1.6527,1.9275
20161002,EA,5,0.1997,2.2081
20161002,PAYX,2,0.3589,2.1402
20161002,KDP,4,1.7659,1.9588
20161002,BEL.NS,8,0.9858,0.3037
20161002,IDXX,1,4.408,0.0
20161002,INDHOTEL.NS,2,0.6556,2.9474
20161002,MRVL,2,1.5042,1.4873
20161002,ADI,3,0.9164,0.4422
20161002,DXCM,1,0.1546,0.0
20161002,MNST,1,-0.2937,0.0
20161002,HINDPETRO.NS,2,0.4566,1.4071
20161002,ETERNAL.NS,1,-1.9947,0.0
20161002,GEHC,3,2.4195,2.8016
20161002,PAGEIND.NS,3,0.9373,1.4089
20161002,IOC.NS,5,0.0342,1.7501
20161002,BPCL.NS,2,2.6852,1.7445
20161002,ALKEM.NS,1,1.4241,0.0
20161002,CPRT,1,0.0,0.0
20161002,ASML,1,-0.6289,0.0
20161002,ABNB,1,-2.4251,0.0
20161002,ORLY,1,2.3209,0.0
20161002,SUNPHARMA.NS,1,2.0168,0.0
20161002,ROST,1,1.2384,0.0
20161002,BRITANNIA.NS,1,1.4516,0.0
20161002,RECLTD.NS,1,-1.529,0.0
20161002,EICHERMOT.NS,2,-1.7995,1.185
20161003,MSFT,857,0.4516,3.1853
20161003,TRI,5981,-2.151,2.9656
20161003,ILMN,6,-0.6944,1.9943
20161003,SIEMENS.NS,164,-0.1278,2.3016
20161003,INTC,251,0.9429,2.5488
20161003,AAPL,261,0.1901,3.1453
20161003,BEL.NS,8,0.3525,3.1709
20161003,NFLX,727,0.3207,2.6243
20161003,TSLA,211,-0.474,1.9182
20161003,GOOGL,46,-0.017,1.9063
20161003,GOOG,46,-0.017,1.9063
20161003,CSCO,103,-0.0288,1.8689
20161003,ADANIGREEN.NS,20,0.2931,2.0715
20161003,TCS.NS,33,0.3076,1.3646
20161003,WMT,258,-0.2186,3.0909
20161003,HON,77,0.9386,2.0568
20161003,RECLTD.NS,3,-0.0126,1.3826
20161003,PFC.NS,12,1.8345,2.6478
20161003,ONGC.NS,10,1.2988,2.3954
20161003,IOC.NS,22,1.1262,2.2403
20161003,BPCL.NS,13,1.467,1.8231
20161003,IRCTC.NS,10,1.0796,3.708
20161003,HINDPETRO.NS,6,1.8779,2.7819
20161003,POWERGRID.NS,10,-0.1309,2.5053
20161003,LICI.NS,9,-1.3538,2.6294
20161003,SBUX,232,0.0331,2.6004
20161003,AMGN,47,-1.0061,3.3652
20161003,BHARTIARTL.NS,44,0.8251,3.0185
20161003,BAJAJ-AUTO.NS,94,1.0013,1.522
20161003,RELIANCE.NS,74,-0.1968,1.9502
20161003,INFY.NS,132,0.3081,2.0114
20161003,TATASTEEL.NS,26,0.7411,1.7818
20161003,PANW,45,-0.8166,1.6072
20161003,WBD,165,0.8702,2.1889
20161003,WEC,203,0.7301,1.5739
20161003,PEP,65,0.6604,2.3411
20161003,KLAC,3,-0.1339,0.232
20161003,MARUTI.NS,62,0.3408,3.5134
20161003,AZN,125,-1.3274,2.2171
20161003,ADI,19,1.0463,1.8457
20161003,AMD,8,1.7105,2.3355
20161003,EA,13,-1.1395,1.8058
20161003,AVGO,9,0.4296,1.9388
20161003,HINDUNILVR.NS,70,1.564,2.0143
20161003,PIDILITIND.NS,11,1.2923,1.1704
20161003,KOTAKBANK.NS,53,0.6203,1.4656
20161003,GEHC,25,1.0757,2.1029
20161003,BKR,78,-0.7511,1.3163
20161003,HEROMOTOCO.NS,7,1.1331,1.4069
20161003,MDLZ,35,0.6612,2.1319
20161003,NVDA,81,1.3243,1.827
20161003,SNPS,9,1.6245,1.5125
20161003,WIPRO.NS,44,0.7127,1.6514
20161003,QCOM,152,0.1149,1.9927
20161003,REGN,20,-0.6405,2.441
20161003,STX,24,0.3552,2.1536
20161003,ARM,15,0.208,2.1242
20161003,TATAPOWER.NS,7,0.956,1.1996
20161003,CHOLAFIN.NS,3,1.9028,0.7082
20161003,INDHOTEL.NS,4,1.6216,0.8065
20161003,TITAN.NS,10,1.3694,2.2649
20161003,TVSMOTOR.NS,5,0.7204,1.7303
20161003,GILD,15,-0.0518,2.7154
20161003,ADBE,19,1.8363,2.2554
20161003,EICHERMOT.NS,59,1.4175,1.3296
20161003,CTSH,50,-0.6229,2.2793
20161003,AXISBANK.NS,42,0.4839,2.3619
20161003,MAR,50,1.5822,2.7111
20161003,AEP,19,0.3341,2.7227
20161003,TXN,26,1.064,1.4366
20161003,ADANIPORTS.NS,5,1.4612,1.3512
20161003,HAL.NS,5,-2.3262,3.461
20161003,AMAT,9,2.2933,1.9652
20161003,GRASIM.NS,5,1.1906,0.5017
20161003,SUNPHARMA.NS,6,-0.4459,3.7981
20161003,CIPLA.NS,13,0.8983,2.9763
20161003,KDP,7,2.1049,2.4654
20161003,MU,20,0.7106,1.8007
20161003,KHC,3,1.1246,0.6179
20161003,CDNS,3,1.3782,0.5471
20161003,ADSK,14,2.5067,1.7558
20161003,MELI,3,1.3089,1.7853
20161003,LRCX,2,2.4265,0.0301
20161003,CUMMINSIND.NS,23,0.1406,2.1771
20161003,HDFCBANK.NS,4,1.004,1.3479
20161003,MCHP,6,0.6159,0.7192
20161003,SHOP,3,1.4108,0.9666
20161003,BIIB,3,0.2065,1.8738
20161003,ROST,3,0.5286,1.3341
20161003,WDAY,10,1.1563,1.6189
20161003,MRVL,10,1.1845,2.4046
20161003,PYPL,2,1.0439,0.6503
20161003,CHTR,19,0.8178,1.7301
20161003,VEDL.NS,11,0.414,1.5423
20161003,GODREJCP.NS,8,0.1063,2.7158
20161003,DABUR.NS,3,1.0183,1.6621
20161003,EXC,2,2.5228,4.4157
20161003,INTU,10,3.3857,0.1958
20161003,HINDZINC.NS,4,-0.2536,2.0839
20161003,ISRG,4,0.8304,0.1566
20161003,ULTRACEMCO.NS,2,-1.7447,2.5967
20161003,AMBUJACEM.NS,1,-3.5809,0.0
20161003,ODFL,4,5.4916,3.5698
20161003,MPHASIS.NS,5,5.9547,0.0321
20161003,WDC,4,1.2706,0.1545
20161003,COALINDIA.NS,8,-0.9476,1.782
20161003,PAYX,3,1.2194,0.3328
20161003,TTWO,1,1.4858,0.0
20161003,BRITANNIA.NS,2,1.9467,0.5722
20161003,ETERNAL.NS,5,-3.6525,5.345
20161003,ADANIENT.NS,1,-1.0917,0.0
20161003,LULU,3,0.8604,3.6734
20161003,PCAR,6,1.4458,1.5051
20161003,UNITDSPR.NS,2,0.9273,0.1838
20161003,OBEROIRLTY.NS,3,0.8662,0.7749
20161003,MNST,4,1.845,1.0689
20161003,ALKEM.NS,2,-0.9078,0.0136
20161003,IDXX,3,2.0951,1.8146
20161003,ABNB,2,1.5429,0.013
20161003,TATACONSUM.NS,1,5.8586,0.0
20161003,MARICO.NS,2,0.1355,3.8235
20161003,ADP,1,-0.9634,0.0
20161003,HINDALCO.NS,2,0.5088,0.2529
20161003,ICICIBANK.NS,1,0.3731,0.0
20161003,DMART.NS,1,-0.2604,0.0
20161003,PAGEIND.NS,1,0.0,0.0
20161004,WMT,294,-0.3482,3.5276
20161004,TRI,6676,-1.9516,2.9646
20161004,MSFT,1250,1.0142,2.4332
20161004,CUMMINSIND.NS,23,-0.7253,2.249
20161004,NFLX,1338,0.5016,2.3016
20161004,QCOM,186,0.7287,1.9425
20161004,GOOGL,359,-0.8774,1.7525
20161004,GOOG,359,-0.8774,1.7525
20161004,HINDPETRO.NS,13,0.1516,1.3274
20161004,IOC.NS,64,-0.0135,1.5552
20161004,BPCL.NS,12,-0.1886,1.3647
20161004,WEC,337,0.4478,1.361
20161004,AAPL,546,-0.1613,2.197
20161004,WBD,261,-0.2464,2.7995
20161004,STX,22,-0.5789,1.4558
20161004,AZN,177,-0.956,2.8182
20161004,ARM,15,-1.2596,1.1629
20161004,PEP,75,0.0225,2.848
20161004,UNITDSPR.NS,17,-3.4286,1.3592
20161004,NVDA,69,0.7471,2.1205
20161004,ADBE,10,1.2311,1.0487
20161004,MAR,70,3.4755,2.7462
20161004,SBUX,223,0.7947,2.8053
20161004,GEHC,27,1.8824,2.2677
20161004,TATASTEEL.NS,72,0.9595,2.6915
20161004,INFY.NS,112,-0.4564,2.6848
20161004,LRCX,5,1.5198,2.0518
20161004,CIPLA.NS,49,0.8949,1.7287
20161004,CSCO,62,1.0377,1.6563
20161004,GILD,28,-0.1283,2.2194
20161004,BIIB,24,0.6272,1.4049
20161004,AMGN,53,0.1902,2.4884
20161004,SIEMENS.NS,241,-0.1286,2.3179
20161004,AXISBANK.NS,65,0.3015,1.5145
20161004,WIPRO.NS,32,0.7526,1.2095
20161004,BAJAJ-AUTO.NS,36,0.4914,1.3361
20161004,POWERGRID.NS,3,-0.9615,1.8127
20161004,RELIANCE.NS,61,-0.85,1.8114
20161004,CTSH,27,-0.0411,2.7746
20161004,OBEROIRLTY.NS,16,0.4243,1.2617
20161004,MNST,2,1.952,4.7911
20161004,TSLA,174,-1.7103,2.3021
20161004,INTC,301,0.9966,2.5242
20161004,HAL.NS,14,1.851,1.5472
20161004,MU,71,0.2481,2.675
20161004,MARUTI.NS,106,1.2174,2.7273
20161004,AEP,21,0.8735,2.1382
20161004,HINDUNILVR.NS,73,1.088,2.7751
20161004,HON,53,1.5882,2.5875
20161004,EA,17,1.5646,1.748
20161004,ETERNAL.NS,5,-0.9184,3.9969
20161004,REGN,23,0.4162,2.3111
20161004,PFC.NS,5,1.4685,2.4582
20161004,ONGC.NS,7,0.5095,1.7078
20161004,IRCTC.NS,11,-0.0427,2.1748
20161004,ADSK,18,3.4516,2.4556
20161004,DXCM,5,2.2415,2.0758
20161004,BEL.NS,20,1.2809,1.5579
20161004,PANW,34,0.0782,1.6766
20161004,BKR,32,-0.8612,1.3698
20161004,AMD,20,-0.1062,1.4896
20161004,IDXX,8,-0.39,0.4353
20161004,BHARTIARTL.NS,38,0.6829,2.4874
20161004,VEDL.NS,10,1.4472,1.6624
20161004,MDLZ,27,2.7411,2.5313
20161004,WDAY,8,2.7545,0.8869
20161004,CEG,4,1.5704,2.204
20161004,KOTAKBANK.NS,26,0.4642,1.899
20161004,ADI,21,0.5046,1.1554
20161004,MRVL,19,3.0039,3.4295
20161004,ADANIENT.NS,2,0.5646,0.354
20161004,HINDALCO.NS,3,0.3025,0.5997
20161004,ABNB,6,-1.4725,1.7424
20161004,ADANIGREEN.NS,4,-0.9776,2.0539
20161004,MUTHOOTFIN.NS,5,-0.0519,0.63
20161004,PCAR,8,2.9469,1.3909
20161004,LICI.NS,13,0.7473,2.6977
20161004,KDP,8,1.7922,2.4017
20161004,CHTR,15,-0.0947,3.7661
20161004,TXN,32,1.4241,1.8704
20161004,PYPL,9,-0.6323,1.8608
20161004,EICHERMOT.NS,6,2.3287,1.0384
20161004,APOLLOHOSP.NS,1,2.6239,0.0
20161004,AMAT,13,1.9359,1.6069
20161004,ROST,8,-0.9054,4.751
20161004,SHOP,6,1.4235,0.0624
20161004,MCHP,6,0.262,1.0714
20161004,MELI,3,1.5209,0.1419
20161004,HEROMOTOCO.NS,6,2.5746,4.1652
20161004,DABUR.NS,7,1.4274,1.1706
20161004,GODREJCP.NS,4,1.0999,0.9972
20161004,CTAS,4,4.3101,1.6331
20161004,AVGO,15,1.0873,1.3619
20161004,ADP,1,0.2155,0.0
20161004,PAYX,10,0.941,1.2607
20161004,ODFL,3,0.7352,1.6062
20161004,HDFCBANK.NS,5,3.8406,0.1468
20161004,SNPS,4,1.0595,0.4776
20161004,EXC,8,3.1872,1.9653
20161004,TATAPOWER.NS,7,0.8353,1.3839
20161004,COALINDIA.NS,2,0.4354,0.1714
20161004,BRITANNIA.NS,6,0.2993,3.8683
20161004,VRTX,3,3.99,0.3447
20161004,SUNPHARMA.NS,4,1.747,0.7208
20161004,WDC,7,-0.2768,2.3767
20161004,GRASIM.NS,2,1.0571,0.1279
20161004,KHC,1,1.8905,0.0
20161004,RECLTD.NS,4,0.965,1.6101
20161004,PIDILITIND.NS,4,0.6417,0.503
20161004,FTV,5,0.0097,0.4521
20161004,ILMN,3,-0.5615,2.9958
20161004,TITAN.NS,9,0.3326,2.4089
20161004,ISRG,2,1.2153,0.1495
20161004,TCS.NS,6,1.2621,1.388
20161004,CSX,1,-0.4808,0.0
20161004,CPRT,2,2.2134,1.6509
20161004,INTU,3,4.7362,2.9102
20161004,TTWO,3,2.5707,2.9793
20161004,ORLY,2,1.0565,0.6974
20161004,HINDZINC.NS,3,-2.484,0.8974
20161004,BERGEPAINT.NS,2,2.0943,0.2756
20161004,CHOLAFIN.NS,2,2.4736,0.0641
20161004,INDHOTEL.NS,2,2.4736,0.0641
20161004,TVSMOTOR.NS,2,2.4736,0.0641
20161004,ROP,1,1.4299,0.0
20161004,VBL.NS,1,2.6144,0.0
20161004,NXPI,1,0.2653,0.0
20161004,TEAM,2,2.9046,2.1571
20161004,MARICO.NS,1,-0.6798,0.0
20161004,MSTR,1,3.0371,0.0
20161004,LUPIN.NS,1,-1.2024,0.0
20161004,ICICIBANK.NS,1,-2.027,0.0
20161005,QCOM,172,0.91,1.8358
20161005,TRI,6986,-2.0215,3.0024
20161005,MSFT,1477,0.0769,2.5354
20161005,NFLX,1040,0.8452,2.3637
20161005,WEC,410,0.2072,1.7854
20161005,ADI,12,1.3636,1.0992
20161005,AMD,6,2.3153,1.5195
20161005,IOC.NS,94,0.7289,1.5266
20161005,MARUTI.NS,90,-0.1031,3.1153
20161005,AAPL,713,-0.4187,2.2049
20161005,POWERGRID.NS,39,0.9873,1.0486
20161005,HINDUNILVR.NS,112,1.3178,2.25
20161005,HON,112,1.4126,2.449
20161005,INTC,246,0.9216,2.7547
20161005,WBD,161,0.5186,2.5424
20161005,AZN,122,-1.059,2.8045
20161005,MU,122,-0.1693,1.4079
20161005,KLAC,19,-2.586,2.4803
20161005,LRCX,54,-2.0696,2.0546
20161005,BKR,27,-0.8211,2.2157
20161005,TSLA,169,0.5899,2.337
20161005,GOOGL,454,-0.2708,1.6175
20161005,GOOG,454,-0.2708,1.6175
20161005,SIEMENS.NS,124,1.0487,2.2989
20161005,BHARTIARTL.NS,52,1.4778,2.0458
20161005,WDAY,7,2.8081,1.4287
20161005,CUMMINSIND.NS,18,1.3673,2.4395
20161005,PEP,63,0.3703,2.8466
20161005,NVDA,69,1.5226,2.1162
20161005,INFY.NS,116,0.0308,2.5839
20161005,AMAT,16,-0.2859,2.6961
20161005,ADSK,23,1.551,2.4368
20161005,TATASTEEL.NS,74,0.6197,1.6819
20161005,BAJAJ-AUTO.NS,59,-0.3909,1.7557
20161005,WIPRO.NS,40,0.1798,2.4267
20161005,SBUX,391,-0.4218,2.36
20161005,WMT,334,-0.7448,3.2021
20161005,PIDILITIND.NS,12,0.544,0.899
20161005,DABUR.NS,13,3.1171,1.8806
20161005,AXISBANK.NS,58,-0.8549,1.1815
20161005,CSCO,64,1.5529,1.7517
20161005,PANW,31,0.4533,1.6007
20161005,MAR,109,1.6439,2.3182
20161005,WDC,15,0.7168,1.6212
20161005,RELIANCE.NS,40,0.4575,1.8421
20161005,CTSH,34,-0.169,2.9608
20161005,TXN,44,1.829,1.5593
20161005,TITAN.NS,11,1.9578,3.1726
20161005,CIPLA.NS,13,0.4155,1.4926
20161005,ADP,18,0.1395,0.5467
20161005,GEHC,29,1.6726,1.5176
20161005,LICI.NS,14,-0.0434,2.2389
20161005,TCS.NS,14,1.0633,3.3222
20161005,HINDPETRO.NS,26,0.9329,1.9609
20161005,PAYX,8,0.58,1.119
20161005,GRASIM.NS,3,0.8201,0.2222
20161005,TTWO,5,1.6282,1.8935
20161005,AMGN,42,0.0125,2.4907
20161005,CHTR,12,-0.6806,1.8511
20161005,PYPL,11,0.2501,1.1092
20161005,EXC,10,0.3424,2.3882
20161005,MPWR,7,1.7496,0.1361
20161005,AVGO,19,1.3138,2.3192
20161005,ADANIENT.NS,1,0.5563,0.0
20161005,ADANIGREEN.NS,17,1.018,1.8237
20161005,SHOP,10,0.884,1.6003
20161005,GILD,25,-0.5173,1.8963
20161005,MSTR,1,-0.5265,0.0
20161005,HINDZINC.NS,2,-1.5369,3.0163
20161005,ONGC.NS,23,1.4334,1.3915
20161005,EA,23,2.1311,2.0775
20161005,ETERNAL.NS,4,-0.3749,1.8981
20161005,BPCL.NS,32,0.8188,2.1503
20161005,STX,43,-2.9996,3.3966
20161005,ARM,38,-3.5446,3.2204
20161005,LULU,3,0.3131,0.8586
20161005,INTU,4,3.9824,3.0664
20161005,RECLTD.NS,9,-0.312,0.7819
20161005,REGN,20,-0.2822,2.167
20161005,ROST,9,0.402,1.2147
20161005,BEL.NS,7,0.2478,1.2195
20161005,LUPIN.NS,3,1.1389,0.7283
20161005,OBEROIRLTY.NS,6,0.3665,0.7564
20161005,KOTAKBANK.NS,13,-0.3284,1.3393
20161005,ABNB,9,0.2365,1.5337
20161005,AEP,12,0.6813,3.3423
20161005,PFC.NS,4,2.3136,2.4056
20161005,IRCTC.NS,12,1.0041,2.8672
20161005,CTAS,4,5.7957,2.7278
20161005,ALKEM.NS,2,1.5456,0.2294
20161005,ILMN,2,-0.236,0.3338
20161005,MDLZ,38,0.4933,2.6586
20161005,VEDL.NS,9,0.8019,1.9034
20161005,ADBE,19,0.9406,3.3534
20161005,HINDALCO.NS,6,-0.4592,2.9978
20161005,PCAR,8,-0.723,3.7648
20161005,KDP,5,1.1696,2.0017
20161005,PERSISTENT.NS,1,3.1299,0.0
20161005,FTV,1,0.1259,0.0
20161005,ICICIBANK.NS,8,0.1946,1.6583
20161005,SUNPHARMA.NS,3,-0.8256,1.9882
20161005,IDXX,2,-0.1612,0.8827
20161005,BRITANNIA.NS,4,-1.2805,2.478
20161005,SHREECEM.NS,1,-0.2646,0.0
20161005,MRVL,3,1.7452,2.465
20161005,HAL.NS,4,0.1817,0.6661
20161005,PAGEIND.NS,2,0.995,0.0705
20161005,EICHERMOT.NS,4,0.1982,0.7433
20161005,BIIB,10,-0.3518,1.4692
20161005,SNPS,4,1.9969,1.206
20161005,DXCM,4,0.7342,0.7816
20161005,KHC,3,1.8215,0.4801
20161005,NXPI,1,-0.4721,0.0
20161005,TVSMOTOR.NS,2,1.6282,0.6437
20161005,AUROPHARMA.NS,3,-1.1657,1.8833
20161005,HEROMOTOCO.NS,2,4.1114,1.5777
20161005,FAST,3,0.1072,0.9409
20161005,ISRG,2,1.7739,0.0704
20161005,CDNS,1,0.7224,0.0
20161005,MNST,1,0.0,0.0
20161005,CEG,3,1.693,1.69
20161005,CHOLAFIN.NS,1,1.173,0.0
20161005,TATAPOWER.NS,2,0.9766,0.2777
20161005,INDHOTEL.NS,1,1.173,0.0
20161005,VRSK,3,4.15,0.6232
20161005,COALINDIA.NS,5,-0.9876,2.08
20161005,MCHP,3,-0.2433,0.0923
20161005,VRTX,1,0.468,0.0
20161005,GODREJCP.NS,5,1.9658,1.8507
20161005,CSX,1,0.1034,0.0
20161005,TECHM.NS,1,1.8848,0.0
20161005,MELI,2,0.7973,1.6218
20161005,TEAM,1,0.7722,0.0
20161005,ODFL,2,2.1731,0.1495
20161005,APOLLOHOSP.NS,2,-0.0223,2.0043
20161005,BERGEPAINT.NS,1,1.2956,0.0
20161006,TRI,6742,-2.1195,3.2044
20161006,STX,25,-1.0997,2.4072
20161006,MSFT,1194,0.8155,2.4672
20161006,HINDZINC.NS,1,0.3096,0.0
20161006,RELIANCE.NS,99,0.095,1.6648
20161006,KLAC,36,-1.2189,1.9634
20161006,LRCX,123,-1.2397,2.0127
20161006,GOOGL,244,0.0435,1.5916
20161006,GOOG,244,0.0435,1.5916
20161006,NFLX,960,0.3656,2.349
20161006,BHARTIARTL.NS,91,0.8188,2.0174
20161006,MAR,135,1.5316,2.6095
20161006,WMT,510,-0.2716,3.1928
20161006,IOC.NS,81,0.754,1.6372
20161006,MARUTI.NS,81,-2.1826,3.6338
20161006,AAPL,449,0.2242,2.072
20161006,WBD,196,0.8205,2.5324
20161006,WDAY,2,3.2835,0.3457
20161006,AXISBANK.NS,37,0.5259,1.6039
20161006,HINDUNILVR.NS,152,1.0355,2.139
20161006,SBUX,394,-0.0769,2.345
20161006,INTC,258,0.8715,2.2389
20161006,AMAT,54,-0.6395,1.848
20161006,WEC,419,0.4255,1.654
20161006,AZN,67,0.2859,3.3578
20161006,HON,93,0.7056,2.7838
20161006,AMGN,37,0.2446,2.633
20161006,VEDL.NS,14,2.1736,1.8789
20161006,ADANIGREEN.NS,20,1.1818,1.5859
20161006,EICHERMOT.NS,5,2.2127,0.8608
20161006,ADSK,19,2.3984,1.3452
20161006,INFY.NS,84,-0.0273,2.6583
20161006,WIPRO.NS,26,2.7218,2.9417
20161006,FAST,3,1.2991,3.5219
20161006,CIPLA.NS,57,-1.0614,1.6851
20161006,AUROPHARMA.NS,4,0.2745,1.3898
20161006,TXN,37,1.356,2.1452
20161006,GEHC,30,1.0443,2.2208
20161006,ONGC.NS,14,0.8943,1.4166
20161006,GILD,28,-0.7516,1.665
20161006,QCOM,130,0.7231,2.5384
20161006,AEP,12,0.1031,2.3264
20161006,BKR,36,-1.4947,1.3352
20161006,TSLA,148,-0.2052,2.3934
20161006,PEP,78,0.5469,2.5678
20161006,CTAS,1,5.4299,0.0
20161006,TCS.NS,25,2.5854,3.365
20161006,PERSISTENT.NS,4,7.7862,1.3157
20161006,PANW,25,1.0294,1.5481
20161006,LUPIN.NS,14,1.9893,1.8307
20161006,KOTAKBANK.NS,24,0.7343,2.5255
20161006,SIEMENS.NS,109,1.2556,2.4331
20161006,MU,24,0.5911,1.9601
20161006,TTWO,11,1.7645,1.6053
20161006,BAJAJ-AUTO.NS,7,0.5796,1.3747
20161006,OBEROIRLTY.NS,6,1.1512,1.7935
20161006,TATASTEEL.NS,28,-0.0987,2.288
20161006,AVGO,18,0.7332,1.3161
20161006,ETERNAL.NS,6,-0.1992,4.2112
20161006,BPCL.NS,27,0.8445,1.3258
20161006,HINDPETRO.NS,17,0.2182,2.4292
20161006,CHTR,19,0.3897,3.4546
20161006,CUMMINSIND.NS,16,0.7902,3.0202
20161006,CSCO,36,0.8119,2.2023
20161006,GRASIM.NS,12,0.2567,1.0941
20161006,POWERGRID.NS,23,0.4705,1.8352
20161006,MDLZ,37,0.9345,1.7685
20161006,TECHM.NS,6,2.1595,2.729
20161006,HEROMOTOCO.NS,2,1.2571,1.0393
20161006,NVDA,71,0.8847,1.6788
20161006,MNST,1,0.7353,0.0
20161006,WDC,6,0.7892,0.8352
20161006,CTSH,15,-1.043,4.4224
20161006,EA,14,1.6757,3.1605
20161006,MUTHOOTFIN.NS,7,2.941,3.9417
20161006,ABNB,10,-3.4985,3.1252
20161006,ILMN,6,1.254,0.3003
20161006,PAGEIND.NS,1,-0.7273,0.0
20161006,ADI,10,2.0623,1.4074
20161006,IDXX,3,0.4645,0.9867
20161006,ARM,20,-1.7431,2.2085
20161006,IRCTC.NS,16,-0.424,2.3251
20161006,SHOP,4,-0.1733,0.8597
20161006,MARICO.NS,2,1.7992,1.1402
20161006,ADP,3,1.4281,1.8186
20161006,BEL.NS,6,0.5089,1.1437
20161006,RECLTD.NS,8,0.5159,1.6701
20161006,SUNPHARMA.NS,4,0.9058,0.3956
20161006,TITAN.NS,16,1.0401,2.3427
20161006,PCAR,7,1.223,4.0429
20161006,PYPL,3,0.1323,2.4163
20161006,HINDALCO.NS,3,-1.451,2.885
20161006,ICICIBANK.NS,4,0.5218,1.4197
20161006,GODREJCP.NS,2,2.1102,0.4886
20161006,PAYX,3,2.5368,2.0989
20161006,ADBE,9,2.0199,1.7225
20161006,KHC,1,3.2258,0.0
20161006,SNPS,3,0.6354,1.5004
20161006,MRVL,12,0.9898,2.3295
20161006,AMD,2,2.9729,1.2984
20161006,EXC,5,1.1691,3.0621
20161006,VRTX,6,-0.2469,3.2237
20161006,NXPI,3,0.5664,0.4935
20161006,LICI.NS,13,0.1704,2.6853
20161006,MCHP,6,2.0844,0.6131
20161006,HAL.NS,4,-1.5622,2.8135
20161006,PIDILITIND.NS,4,0.3987,0.7137
20161006,DXCM,2,-0.1913,0.1446
20161006,BERGEPAINT.NS,1,1.0576,0.0
20161006,KDP,4,1.9643,4.5052
20161006,COALINDIA.NS,3,-1.5102,0.8168
20161006,INTU,1,2.1357,0.0
20161006,BIIB,3,-0.1555,1.8019
20161006,TATAPOWER.NS,2,-1.5254,0.5623
20161006,ODFL,1,-0.177,0.0
20161006,CEG,2,2.7898,2.2034
20161006,LULU,1,1.7593,0.0
20161006,MELI,5,0.6634,0.4976
20161006,REGN,5,-1.9634,2.6973
20161006,HDFCBANK.NS,1,2.1635,0.0
20161006,ULTRACEMCO.NS,1,0.5731,0.0
20161006,ROST,3,0.7611,0.6555
20161006,PFC.NS,2,1.4556,2.0585
20161006,ISRG,2,-1.1435,1.0387
20161006,DABUR.NS,1,0.9634,0.0
20161006,ADANIENT.NS,1,1.2694,0.0
20161006,CSX,2,-0.8098,1.6798
20161006,BRITANNIA.NS,1,1.3559,0.0
20161006,ASIANPAINT.NS,1,0.0,0.0
20161006,HCLTECH.NS,1,0.4717,0.0
20161007,WEC,417,0.188,1.8672
20161007,TRI,6995,-2.3705,3.1372
20161007,HON,304,-1.2202,2.2238
20161007,QCOM,80,0.5103,2.304
20161007,NVDA,68,0.8417,1.4758
20161007,AAPL,422,0.2658,2.0291
20161007,NFLX,896,0.0214,2.5826
20161007,MSFT,732,0.5659,2.3684
20161007,SBUX,444,-0.2371,2.7257
20161007,GOOGL,105,-0.1562,1.5814
20161007,GOOG,105,-0.1562,1.5814
20161007,SIEMENS.NS,114,1.3051,2.4865
20161007,RELIANCE.NS,95,0.095,1.5987
20161007,INTC,259,0.5161,2.0821
20161007,BHARTIARTL.NS,184,0.2398,3.0649
20161007,CSCO,46,0.664,1.6337
20161007,TTWO,11,0.0764,1.3704
20161007,MAR,65,1.5609,2.0777
20161007,MARUTI.NS,59,0.3825,2.6658
20161007,HINDUNILVR.NS,77,1.7622,2.5582
20161007,WBD,224,0.5969,2.5609
20161007,WMT,411,-0.7423,3.2002
20161007,PEP,36,-0.5905,2.7541
20161007,TATASTEEL.NS,103,-0.3773,1.6709
20161007,PYPL,5,2.1094,1.3359
20161007,WIPRO.NS,40,0.9694,1.5983
20161007,REGN,14,0.1382,0.9709
20161007,BKR,121,-1.7806,1.9094
20161007,AXISBANK.NS,49,0.1811,1.2624
20161007,CUMMINSIND.NS,37,-0.5466,2.1326
20161007,TSLA,91,-0.3554,2.5561
20161007,TITAN.NS,14,1.1502,3.3078
20161007,AZN,73,-0.5712,2.3836
20161007,ABNB,22,-1.2438,1.4944
20161007,BAJAJ-AUTO.NS,47,-0.4537,1.4553
20161007,TCS.NS,33,0.5213,1.8586
20161007,INFY.NS,120,-0.5443,2.1264
20161007,CIPLA.NS,55,-0.506,1.3293
20161007,AMGN,27,-0.1413,2.272
20161007,MDLZ,37,1.0736,1.8592
20161007,GILD,20,-0.2749,2.1005
20161007,HINDPETRO.NS,22,-0.8133,1.794
20161007,BPCL.NS,22,-0.4656,1.9897
20161007,GEHC,26,1.3156,1.9928
20161007,IOC.NS,27,1.2947,2.4281
20161007,COALINDIA.NS,8,-0.0282,1.525
20161007,ADSK,20,1.7528,1.0601
20161007,PAYX,7,1.859,0.9558
20161007,MU,27,1.747,2.7731
20161007,POWERGRID.NS,22,1.109,1.8295
20161007,CDNS,2,0.5845,1.4233
20161007,ADI,14,-0.0231,2.1052
20161007,AMD,22,0.1957,1.7922
20161007,SHOP,3,0.9488,0.597
20161007,TXN,30,1.3726,1.6925
20161007,KOTAKBANK.NS,36,-0.399,1.6563
20161007,LRCX,17,-0.0258,2.8281
20161007,AVGO,11,1.0559,2.4306
20161007,EA,30,1.8829,2.471
20161007,STX,36,-0.5842,1.2863
20161007,ARM,32,-0.7053,1.2932
20161007,ADBE,8,1.8066,2.2674
20161007,AUROPHARMA.NS,3,0.0987,1.2937
20161007,CHTR,23,-1.2228,2.62
20161007,HAL.NS,3,0.3919,1.8279
20161007,LUPIN.NS,7,0.4148,0.9142
20161007,INDHOTEL.NS,4,-1.8309,0.1058
20161007,LICI.NS,29,-0.5047,2.2499
20161007,TATAPOWER.NS,2,1.3773,2.3209
20161007,CTSH,30,-2.4944,3.1929
20161007,TECHM.NS,2,-0.2379,1.3763
20161007,MAXHEALTH.NS,4,3.5641,0.9766
20161007,PANW,22,0.351,1.839
20161007,MRVL,13,2.2795,3.9574
20161007,EXC,3,1.5242,2.871
20161007,PCAR,3,1.7404,1.612
20161007,SNPS,2,1.7517,0.0062
20161007,CPRT,1,0.9504,0.0
20161007,ETERNAL.NS,7,0.1223,2.1607
20161007,BERGEPAINT.NS,3,0.8419,0.0876
20161007,AMAT,7,1.683,1.9874
20161007,ADANIGREEN.NS,18,0.5514,1.7204
20161007,LULU,5,-0.479,0.4956
20161007,KLAC,6,0.4052,1.1643
20161007,SUNPHARMA.NS,3,0.7166,1.1393
20161007,BEL.NS,3,-0.5112,2.0009
20161007,OBEROIRLTY.NS,1,1.0767,0.0
20161007,IRCTC.NS,8,-1.7714,1.4507
20161007,GRASIM.NS,15,-0.5777,1.2823
20161007,EICHERMOT.NS,9,0.9116,1.3146
20161007,WDC,10,0.5007,1.2561
20161007,UNITDSPR.NS,2,-1.7013,1.5455
20161007,VEDL.NS,4,-0.3795,0.5325
20161007,HINDALCO.NS,4,-0.6052,0.837
20161007,ONGC.NS,2,0.8432,0.9395
20161007,MELI,4,0.8459,0.403
20161007,MSTR,1,1.4694,0.0
20161007,ASIANPAINT.NS,1,4.8101,0.0
20161007,ADP,1,-1.3793,0.0
20161007,ILMN,3,0.345,1.1858
20161007,DABUR.NS,5,1.1107,0.9638
20161007,GODREJCP.NS,6,1.0286,2.7009
20161007,CEG,3,0.451,2.6846
20161007,FAST,2,0.1628,0.7982
20161007,AEP,9,-1.0564,2.2349
20161007,BIIB,5,1.5713,1.2721
20161007,HINDZINC.NS,4,1.8212,6.5453
20161007,KHC,3,2.5426,0.6197
20161007,BRITANNIA.NS,2,0.6899,0.3789
20161007,ISRG,2,0.5639,0.2618
20161007,VRTX,2,-0.6154,0.8703
20161007,ROST,4,0.9079,1.9826
20161007,ACC.NS,1,1.3514,0.0
20161007,HEROMOTOCO.NS,5,1.5711,2.7055
20161007,PIDILITIND.NS,1,0.0,0.0
20161007,IDXX,2,0.0,0.0
20161007,PFC.NS,1,-2.9279,0.0
20161007,INTU,2,1.5939,1.8122
20161007,MNST,3,0.4719,0.1468
20161007,ICICIBANK.NS,2,1.5781,0.3516
20161007,ORLY,1,0.2618,0.0
20161007,WDAY,1,0.2618,0.0
20161007,MCHP,1,0.2618,0.0
20161007,RECLTD.NS,1,0.2006,0.0
20161007,CSX,1,-3.4884,0.0
20161007,PAGEIND.NS,2,1.67,0.4904
20161007,MPWR,1,1.4523,0.0
20161007,DXCM,1,0.4036,0.0
20161007,BAJFINANCE.NS,3,0.5621,2.2173
20161007,BAJAJFINSV.NS,1,-1.5228,0.0
20161008,TRI,3578,-3.404,3.5506
20161008,NFLX,426,-0.1187,2.4943
20161008,GILD,5,-0.9282,1.5461
20161008,GOOGL,42,-0.5421,2.1162
20161008,INFY.NS,61,-0.14,2.4731
20161008,GOOG,42,-0.5421,2.1162
20161008,LRCX,32,-3.848,1.2825
20161008,NXPI,5,-2.6737,0.9105
20161008,HON,82,-1.1696,2.4059
20161008,SBUX,239,-0.7043,2.4891
20161008,MSFT,378,0.1576,2.4004
20161008,CSCO,9,1.181,2.8598
20161008,WEC,226,0.3171,1.3326
20161008,INTC,81,0.2629,2.0762
20161008,AAPL,150,-0.1675,2.6118
20161008,WMT,163,-0.5002,3.1778
20161008,CUMMINSIND.NS,14,0.4135,1.7545
20161008,IOC.NS,19,0.1433,4.4744
20161008,AZN,28,-1.7676,1.7306
20161008,PEP,19,-0.2181,2.4491
20161008,POWERGRID.NS,3,0.1162,3.187
20161008,LICI.NS,10,1.042,3.9513
20161008,BHARTIARTL.NS,69,1.0765,2.8841
20161008,BAJFINANCE.NS,6,1.0137,0.5924
20161008,HINDUNILVR.NS,21,0.7802,4.1486
20161008,LULU,1,-0.2169,0.0
20161008,QCOM,37,0.4404,1.5577
20161008,STX,17,-0.5273,1.3914
20161008,ARM,14,-0.8434,1.3244
20161008,TSLA,32,-0.4531,1.999
20161008,WBD,73,-0.3805,2.992
20161008,GODREJCP.NS,20,3.1355,0.8435
20161008,TCS.NS,23,0.4193,1.2144
20161008,TATASTEEL.NS,39,-0.1885,2.0258
20161008,CIPLA.NS,17,0.5342,1.1095
20161008,SIEMENS.NS,23,1.3334,1.9785
20161008,AXISBANK.NS,9,-0.1262,1.8859
20161008,RELIANCE.NS,21,0.2601,2.2333
20161008,BKR,45,-1.5365,1.761
20161008,COALINDIA.NS,2,-1.3798,2.4536
20161008,PYPL,1,0.7498,0.0
20161008,MNST,3,-0.8129,1.2387
20161008,ADBE,11,1.0224,2.4229
20161008,PCAR,6,-0.2293,0.316
20161008,AEP,8,-1.2502,2.013
20161008,WIPRO.NS,7,-0.0006,1.4936
20161008,CHTR,5,-0.6706,2.155
20161008,BEL.NS,1,0.2653,0.0
20161008,MDLZ,17,1.0957,2.9621
20161008,HAL.NS,2,0.1939,1.24
20161008,PFC.NS,20,0.8421,0.6923
20161008,ADI,7,2.4207,1.325
20161008,TXN,6,2.5325,0.8062
20161008,AVGO,6,-8.5745,0.3083
20161008,UNITDSPR.NS,5,3.9243,2.0729
20161008,MARUTI.NS,24,-0.2907,2.7172
20161008,AMGN,10,0.0391,2.8201
20161008,EA,6,1.1541,1.3419
20161008,KOTAKBANK.NS,6,0.4829,1.9455
20161008,MAR,29,2.411,2.3318
20161008,MU,5,2.7794,3.7677
20161008,REGN,5,1.4744,2.707
20161008,KDP,3,0.068,1.8332
20161008,NVDA,20,0.7856,1.4973
20161008,ROST,1,1.9487,0.0
20161008,ADSK,10,3.4614,1.5863
20161008,CTSH,16,-3.8763,1.2049
20161008,BAJAJ-AUTO.NS,8,-0.1704,0.6375
20161008,BIIB,1,0.1157,0.0
20161008,HINDPETRO.NS,7,-0.1881,2.3729
20161008,IRCTC.NS,1,-0.5155,0.0
20161008,SBIN.NS,1,13.3562,0.0
20161008,BPCL.NS,6,-1.1566,1.3274
20161008,PANW,2,-1.1947,0.0221
20161008,GEHC,2,1.8401,3.3946
20161008,AMD,8,1.2743,1.9219
20161008,ADANIGREEN.NS,7,-0.0145,2.7214
20161008,DABUR.NS,2,0.2689,0.2139
20161008,MRVL,3,4.743,3.6127
20161008,RECLTD.NS,1,0.2006,0.0
20161008,FAST,3,0.807,0.103
20161008,DXCM,2,0.9255,0.1997
20161008,TITAN.NS,1,1.7825,0.0
20161008,TTWO,1,-0.8684,0.0
20161008,SHOP,1,2.7487,0.0
20161008,KHC,1,0.6403,0.0
20161008,WDC,2,-0.5131,2.6368
20161008,ETERNAL.NS,4,-1.721,1.068
20161008,ASIANPAINT.NS,1,4.902,0.0
20161008,VRTX,2,1.0331,1.461
20161008,AMAT,2,3.4921,2.7289
20161008,MAXHEALTH.NS,1,4.0609,0.0
20161008,ONGC.NS,2,4.2904,6.0676
20161008,SNPS,1,1.6651,0.0
20161008,CDNS,1,1.6651,0.0
20161008,ICICIBANK.NS,1,2.621,0.0
20161008,HDFCBANK.NS,1,2.621,0.0
20161008,HINDZINC.NS,1,6.1224,0.0
20161008,ROP,1,1.6489,0.0
20161008,ADANIENT.NS,3,-1.599,3.6077
20161008,ABNB,1,-1.0582,0.0
20161008,VRSK,1,0.6472,0.0
20161008,KLAC,1,1.7693,0.0
20161008,OBEROIRLTY.NS,1,0.9328,0.0
20161008,VEDL.NS,2,0.6243,2.1996
20161009,HINDUNILVR.NS,17,2.1828,2.3257
20161009,HON,25,-0.6136,1.9996
20161009,TRI,3223,-3.3458,3.5586
20161009,WEC,110,-0.0518,1.0827
20161009,MSFT,388,0.6077,2.0854
20161009,AZN,43,-2.8586,2.232
20161009,TSLA,67,-0.3449,1.6046
20161009,AAPL,84,-0.0276,2.8949
20161009,RELIANCE.NS,87,1.231,1.4575
20161009,BHARTIARTL.NS,66,1.2247,2.1292
20161009,INFY.NS,89,-0.9237,2.5626
20161009,SBUX,167,-0.3171,2.1472
20161009,GOOGL,46,-0.3496,2.4656
20161009,GOOG,46,-0.3496,2.4656
20161009,NFLX,494,0.6589,2.5739
20161009,WBD,77,-0.2206,2.5708
20161009,SIEMENS.NS,29,1.0017,2.6606
20161009,QCOM,28,0.2033,1.4119
20161009,WMT,146,-1.0131,2.9231
20161009,INTC,80,-0.1762,2.5
20161009,ADSK,8,2.6065,2.0725
20161009,CUMMINSIND.NS,13,-0.0948,2.0437
20161009,CSCO,6,2.7838,1.8187
20161009,STX,11,-1.2365,1.5432
20161009,ARM,10,-1.4953,1.3518
20161009,LRCX,21,-3.7751,1.1683
20161009,HINDPETRO.NS,13,-0.3013,1.6835
20161009,BPCL.NS,15,0.1666,2.0327
20161009,TATASTEEL.NS,30,0.3241,1.761
20161009,EICHERMOT.NS,3,0.4456,1.181
20161009,ONGC.NS,6,0.4321,1.6333
20161009,MAR,13,1.5697,1.8066
20161009,BKR,17,-2.4896,1.3496
20161009,IOC.NS,20,-0.2822,1.4501
20161009,GODREJCP.NS,7,2.2514,1.2795
20161009,AXISBANK.NS,31,0.4454,1.0302
20161009,TITAN.NS,3,-0.06,0.585
20161009,CTSH,5,-0.5561,1.3332
20161009,VRTX,3,-1.0295,0.1093
20161009,CIPLA.NS,6,-0.1236,1.5591
20161009,PANW,7,1.7431,1.6991
20161009,WIPRO.NS,7,-0.3686,3.108
20161009,ABNB,3,-6.0266,2.3336
20161009,GRASIM.NS,2,0.1678,1.1324
20161009,IDXX,1,0.5741,0.0
20161009,TCS.NS,33,-0.1985,2.3233
20161009,AMGN,6,-1.2989,2.4652
20161009,REGN,3,-0.822,2.9146
20161009,GILD,5,-0.7107,2.0456
20161009,MARUTI.NS,21,0.8747,2.3997
20161009,BAJAJ-AUTO.NS,6,0.5353,1.3304
20161009,OBEROIRLTY.NS,5,0.7051,1.339
20161009,ADANIGREEN.NS,6,0.0641,2.3612
20161009,PFC.NS,6,-0.0058,0.3167
20161009,EA,14,-1.652,0.8124
20161009,PEP,18,0.8875,2.0839
20161009,IRCTC.NS,3,1.0812,2.4579
20161009,ADANIENT.NS,2,-1.13,0.3729
20161009,COALINDIA.NS,4,-0.0789,1.0844
20161009,KHC,3,-3.1131,1.0346
20161009,NVDA,8,1.2801,2.1895
20161009,MDLZ,3,1.6452,0.8013
20161009,ROST,1,3.2479,0.0
20161009,SHOP,3,1.3309,0.5049
20161009,CTAS,1,4.4405,0.0
20161009,RECLTD.NS,1,0.2006,0.0
20161009,AMD,2,0.5915,0.404
20161009,TXN,4,0.743,0.602
20161009,ADBE,1,1.1299,0.0
20161009,DABUR.NS,3,0.7568,0.9154
20161009,BEL.NS,2,1.7426,0.6487
20161009,MU,2,5.2337,4.143
20161009,MRVL,2,5.2337,4.143
20161009,LODHA.NS,1,2.0488,0.0
20161009,KDP,4,1.0246,1.1237
20161009,WDC,2,1.2184,0.188
20161009,CDNS,1,1.5495,0.0
20161009,LUPIN.NS,1,-1.2579,0.0
20161009,NXPI,1,0.9938,0.0
20161009,AVGO,2,-0.8479,2.6046
20161009,KOTAKBANK.NS,6,0.7787,1.5779
20161009,LICI.NS,3,1.5731,0.2362
20161009,MNST,1,0.5556,0.0
20161009,EXC,1,-1.2346,0.0
20161009,ETERNAL.NS,4,0.825,2.0856
20161009,APOLLOHOSP.NS,1,0.3253,0.0
20161009,BRITANNIA.NS,3,6.8818,6.587
20161009,KLAC,3,-0.2405,1.3371
20161009,AMAT,2,1.3568,0.6293
20161009,BIIB,1,0.4662,0.0
20161009,VEDL.NS,1,-1.1947,0.0
20161009,POWERGRID.NS,2,0.7327,1.2383
20161009,TATAPOWER.NS,1,2.2333,0.0
20161009,ALKEM.NS,1,0.1307,0.0
20161009,HINDZINC.NS,1,1.2285,0.0
20161009,HINDALCO.NS,1,1.2285,0.0
20161009,TECHM.NS,1,1.6509,0.0
20161009,BAJFINANCE.NS,3,0.9457,0.5653
20161009,ULTRACEMCO.NS,1,0.8147,0.0
20161009,AMBUJACEM.NS,1,0.8147,0.0
20161009,SHREECEM.NS,1,0.8147,0.0
20161009,ICICIBANK.NS,2,2.4987,0.2448
20161009,HDFCBANK.NS,2,2.4987,0.2448
20161009,PAYX,1,1.4831,0.0
20161010,NFLX,596,0.4637,2.5282
20161010,MSFT,813,0.4852,2.6994
20161010,WMT,281,-1.6732,4.118
20161010,TRI,6340,-2.7511,3.3942
20161010,SIEMENS.NS,119,1.0528,2.3858
20161010,WBD,227,0.8498,2.312
20161010,CIPLA.NS,51,0.2758,0.928
20161010,INFY.NS,139,-0.1884,2.2383
20161010,TATASTEEL.NS,117,0.3883,1.6838
20161010,SBUX,265,0.2565,2.9076
20161010,IOC.NS,15,1.5633,2.5505
20161010,AAPL,280,-0.0358,2.8091
20161010,CUMMINSIND.NS,35,-1.4629,3.282
20161010,INTC,182,0.6425,2.7028
20161010,MARUTI.NS,48,-0.34,3.4517
20161010,WEC,209,0.2387,1.473
20161010,GOOGL,185,-1.059,2.0247
20161010,GOOG,185,-1.059,2.0247
20161010,TCS.NS,50,-0.2128,1.8903
20161010,QCOM,80,0.1574,2.0278
20161010,KHC,61,-2.0325,1.9052
20161010,BKR,81,-1.1191,1.62
20161010,TSLA,118,-1.0993,1.9586
20161010,RELIANCE.NS,89,0.6504,1.9424
20161010,ILMN,12,0.6255,2.2473
20161010,BHARTIARTL.NS,94,1.2954,1.9728
20161010,IRCTC.NS,45,2.475,1.5177
20161010,VEDL.NS,48,-0.1604,1.1048
20161010,HINDALCO.NS,14,0.9143,0.9425
20161010,HINDPETRO.NS,40,-0.6875,2.4761
20161010,BPCL.NS,49,-0.4761,2.4822
20161010,TXN,30,0.6003,1.732
20161010,ONGC.NS,6,1.37,1.9548
20161010,EA,27,1.6551,2.4677
20161010,CSCO,36,0.7158,2.2615
20161010,HINDUNILVR.NS,71,1.4611,2.2112
20161010,STX,39,-0.2315,1.3525
20161010,ARM,33,-0.4991,1.0463
20161010,TATAPOWER.NS,6,1.1142,1.8638
20161010,NVDA,23,0.8507,2.0936
20161010,AMGN,20,-0.7716,1.9472
20161010,AZN,91,-1.2424,2.253
20161010,ADANIGREEN.NS,12,1.2136,2.5645
20161010,PEP,100,1.7305,1.8033
20161010,ICICIBANK.NS,5,-5.669,5.9965
20161010,HDFCBANK.NS,4,-6.6968,6.3954
20161010,KOTAKBANK.NS,12,-2.672,4.6094
20161010,AXISBANK.NS,33,-0.0521,3.304
20161010,REGN,15,-1.1936,1.3582
20161010,ADI,10,0.786,1.6803
20161010,AVGO,12,1.5128,2.0498
20161010,MAR,38,1.7501,2.3616
20161010,KDP,6,1.4511,3.6765
20161010,ROST,7,1.8613,1.2593
20161010,MDLZ,24,1.8119,1.7645
20161010,TTWO,3,1.8437,1.2718
20161010,HON,74,0.568,2.0342
20161010,GRASIM.NS,6,0.9132,1.4991
20161010,ETERNAL.NS,6,-0.0365,2.0563
20161010,ADSK,11,3.0416,2.3993
20161010,WDC,8,-0.676,1.6338
20161010,PANW,36,-0.5166,0.9787
20161010,POWERGRID.NS,11,0.9428,1.21
20161010,VRSK,3,0.1673,0.0151
20161010,WIPRO.NS,34,-0.7409,2.6158
20161010,EXC,5,1.6489,1.9847
20161010,COALINDIA.NS,6,-0.7369,0.8362
20161010,TITAN.NS,20,0.3471,3.1418
20161010,BAJAJ-AUTO.NS,17,0.5057,1.4014
20161010,PCAR,6,0.2633,1.3883
20161010,ISRG,4,1.5847,1.5272
20161010,AEP,13,0.8392,2.1577
20161010,CTSH,15,-0.0862,3.8819
20161010,LRCX,45,-2.9498,1.9389
20161010,CTAS,8,5.799,3.8521
20161010,KLAC,4,0.7709,0.7152
20161010,MCHP,4,0.8033,0.7503
20161010,GILD,19,-1.1562,1.6439
20161010,AMAT,9,1.4546,2.3451
20161010,RECLTD.NS,3,1.7538,1.7257
20161010,MU,8,0.4441,2.1843
20161010,DABUR.NS,6,1.6499,1.5101
20161010,LICI.NS,10,1.9561,1.9447
20161010,VRTX,4,-0.6604,1.0664
20161010,CHTR,7,0.6779,1.8438
20161010,BIIB,9,-0.4642,1.6474
20161010,ABNB,8,-3.1965,2.7449
20161010,ADANIENT.NS,2,1.6206,0.8295
20161010,ADP,2,1.1281,3.0095
20161010,SUNPHARMA.NS,4,0.1266,0.9955
20161010,INDHOTEL.NS,3,1.121,2.8797
20161010,MPWR,1,0.5755,0.0
20161010,ORLY,4,-1.0155,3.2095
20161010,MNST,2,1.0357,0.024
20161010,MRVL,6,1.6726,1.5246
20161010,ADBE,4,1.2726,0.7375
20161010,UNITDSPR.NS,1,0.9515,0.0
20161010,OBEROIRLTY.NS,5,0.81,0.3853
20161010,GEHC,8,1.5519,2.9766
20161010,MELI,6,1.1899,0.4574
20161010,BAJFINANCE.NS,4,-0.34,2.1924
20161010,GODREJCP.NS,5,2.222,0.9652
20161010,CPRT,1,1.1111,0.0
20161010,EICHERMOT.NS,6,1.1012,1.0109
20161010,PIDILITIND.NS,1,0.3396,0.0
20161010,PYPL,2,1.3017,1.2857
20161010,HEROMOTOCO.NS,1,3.2129,0.0
20161010,ALKEM.NS,1,0.2667,0.0
20161010,AMD,2,3.1467,1.2567
20161010,AUROPHARMA.NS,1,-0.542,0.0
20161010,PERSISTENT.NS,1,0.7168,0.0
20161010,PAYX,3,1.5982,1.1216
20161010,LULU,1,-0.5906,0.0
20161010,LUPIN.NS,2,0.8646,0.1736
20161010,BEL.NS,2,-0.6413,2.1674
20161010,HAL.NS,2,-3.785,4.0958
20161010,BRITANNIA.NS,4,3.086,5.2926
20161010,ASIANPAINT.NS,1,1.444,0.0
20161010,SBIN.NS,1,1.4398,0.0
20161010,ODFL,1,1.4532,0.0
20161010,PFC.NS,2,3.5563,1.5266
20161010,CHOLAFIN.NS,2,1.6293,3.8775
20161010,TVSMOTOR.NS,2,1.6293,3.8775
20161010,TECHM.NS,1,1.2821,0.0
20161010,WDAY,1,0.3926,0.0
20161010,SHOP,1,0.3926,0.0
20161010,SHREECEM.NS,1,0.7946,0.0
20161010,BERGEPAINT.NS,1,0.7946,0.0
20161010,MAXHEALTH.NS,1,4.8148,0.0
20161010,ULTRACEMCO.NS,1,-0.5031,0.0
20161011,TRI,6909,-2.2933,2.9601
20161011,MSFT,911,0.4714,2.9029
20161011,INTC,242,0.7894,2.7734
20161011,HINDUNILVR.NS,77,1.9234,2.4165
20161011,AAPL,613,-1.4437,2.1732
20161011,PEP,128,0.8316,2.362
20161011,WMT,366,-1.6285,4.2253
20161011,NFLX,738,0.4767,2.4787
20161011,MCHP,10,0.7189,1.8633
20161011,ABNB,6,-2.1213,1.6601
20161011,MDLZ,37,1.7495,2.4446
20161011,HON,93,1.1628,2.3771
20161011,MAR,56,1.8957,2.4614
20161011,STX,175,-1.6938,1.6485
20161011,WDC,105,-1.6557,1.8075
20161011,SBUX,448,0.6185,2.5487
20161011,IRCTC.NS,30,1.9504,0.8355
20161011,QCOM,102,0.8396,2.262
20161011,GODREJCP.NS,58,0.6301,2.4623
20161011,AEP,16,0.4649,3.1768
20161011,AMD,14,1.6078,1.8757
20161011,SIEMENS.NS,122,1.4047,2.4922
20161011,GOOGL,166,0.1084,1.4603
20161011,GOOG,166,0.1084,1.4603
20161011,WEC,179,1.4791,2.3305
20161011,AZN,52,-0.6706,2.0765
20161011,TITAN.NS,28,1.3656,2.2727
20161011,IOC.NS,27,0.2937,2.263
20161011,WBD,265,0.5181,1.9485
20161011,CUMMINSIND.NS,46,-1.2694,2.7256
20161011,ARM,42,-1.7683,1.7345
20161011,GILD,23,-1.0943,2.4037
20161011,CSCO,45,1.4085,1.9574
20161011,MU,78,-0.991,2.6133
20161011,BHARTIARTL.NS,38,1.1066,2.5477
20161011,NVDA,46,0.7464,1.83
20161011,ADSK,27,2.0214,2.556
20161011,AMGN,18,0.6655,2.164
20161011,HINDPETRO.NS,50,-0.2489,2.0964
20161011,BPCL.NS,52,-0.2317,2.1755
20161011,CHTR,70,-3.8082,2.9363
20161011,KHC,15,-1.6753,1.5728
20161011,AVGO,20,2.2975,1.4932
20161011,INFY.NS,74,1.0656,2.6473
20161011,EA,12,1.1541,1.618
20161011,TSLA,125,-1.1009,2.2391
20161011,MARUTI.NS,35,0.7745,2.9773
20161011,ILMN,47,-1.3625,1.386
20161011,VEDL.NS,8,-0.252,2.0365
20161011,DASH,3,-0.5453,0.0308
20161011,PANW,50,0.2662,2.1693
20161011,BKR,27,-1.7058,1.7002
20161011,MRVL,6,0.49,1.36
20161011,TXN,22,2.3819,1.7519
20161011,KDP,2,3.9161,0.3956
20161011,REGN,14,-0.1343,2.4324
20161011,EXC,8,-0.1641,0.5984
20161011,WIPRO.NS,24,1.7112,1.9029
20161011,AMAT,17,0.897,0.88
20161011,RELIANCE.NS,35,1.5377,1.8671
20161011,INDHOTEL.NS,7,1.4369,1.2771
20161011,KOTAKBANK.NS,9,-0.1869,1.9203
20161011,NXPI,1,0.7648,0.0
20161011,CTAS,13,3.9704,3.5116
20161011,GEHC,17,0.4598,2.2804
20161011,TATASTEEL.NS,25,1.2283,2.5648
20161011,DABUR.NS,7,-0.0684,1.0322
20161011,TCS.NS,16,0.8101,2.3112
20161011,IDXX,5,1.8923,1.4614
20161011,LRCX,38,-3.5245,0.9429
20161011,CTSH,20,0.184,2.3902
20161011,TEAM,1,1.487,0.0
20161011,FAST,18,0.1211,1.8405
20161011,MNST,3,1.4152,1.8429
20161011,ADI,16,1.1682,1.3722
20161011,TTWO,7,0.6873,0.9903
20161011,PCAR,3,1.4018,0.9395
20161011,LICI.NS,3,1.8206,0.478
20161011,PYPL,8,0.1748,1.783
20161011,ISRG,1,0.0,0.0
20161011,RECLTD.NS,2,2.4299,2.6593
20161011,ODFL,3,1.5933,0.031
20161011,ETERNAL.NS,9,0.5171,2.2712
20161011,ADANIGREEN.NS,5,1.9747,2.0717
20161011,AXISBANK.NS,5,-1.2181,2.5485
20161011,APOLLOHOSP.NS,1,2.4,0.0
20161011,ORLY,7,1.2809,1.2358
20161011,ADBE,6,0.8175,1.1018
20161011,BIIB,4,0.5876,0.3462
20161011,ROST,5,1.147,0.5665
20161011,WDAY,4,0.1344,1.2469
20161011,SHOP,6,1.7214,1.4078
20161011,MELI,4,0.9093,0.3138
20161011,ONGC.NS,3,0.5802,2.9476
20161011,PAYX,3,1.854,2.6329
20161011,HINDALCO.NS,7,2.9921,0.1177
20161011,GRASIM.NS,2,1.588,3.4973
20161011,SNPS,5,4.2977,0.247
20161011,CDNS,4,4.3433,0.2598
20161011,LULU,2,0.7969,0.9796
20161011,PFC.NS,1,2.0772,0.0
20161011,HAL.NS,5,0.2236,0.8027
20161011,INTU,2,1.7321,0.5993
20161011,KLAC,2,-1.7857,2.5254
20161011,CEG,2,1.033,0.9429
20161011,CIPLA.NS,3,0.1669,0.6371
20161011,LUPIN.NS,1,-0.2105,0.0
20161011,COALINDIA.NS,2,-1.1344,0.743
20161011,BEL.NS,1,-2.1277,0.0
20161011,AUROPHARMA.NS,1,2.6752,0.0
20161011,VRTX,2,2.5278,2.5882
20161011,EICHERMOT.NS,2,2.4657,2.1604
20161011,ULTRACEMCO.NS,1,6.446,0.0
20161011,MPHASIS.NS,1,1.8564,0.0
20161011,BAJFINANCE.NS,1,0.0,0.0
20161011,ASIANPAINT.NS,1,0.7183,0.0
20161011,BAJAJ-AUTO.NS,1,-0.6024,0.0
20161011,TATAPOWER.NS,1,0.1464,0.0
20161011,SUNPHARMA.NS,1,-4.5537,0.0
20161011,ICICIBANK.NS,1,-4.1247,0.0
20161011,HDFCBANK.NS,1,-4.1247,0.0
20161011,OBEROIRLTY.NS,1,2.5729,0.0
20161012,SBUX,251,0.6088,3.4741
20161012,TRI,6402,-2.3213,3.0919
20161012,BHARTIARTL.NS,78,0.8946,2.9775
20161012,AAPL,489,-0.8126,2.7557
20161012,MARUTI.NS,244,0.1837,2.2292
20161012,CHTR,41,-2.3184,3.5669
20161012,MSFT,1033,0.5381,2.4865
20161012,INFY.NS,96,0.5664,2.192
20161012,IOC.NS,26,-0.1311,2.704
20161012,ADSK,26,2.8305,3.5354
20161012,NFLX,656,0.1927,2.6342
20161012,CSCO,131,-0.0807,1.627
20161012,GOOGL,170,-1.2905,1.6851
20161012,GOOG,170,-1.2905,1.6851
20161012,WMT,344,-0.4599,3.5905
20161012,WBD,241,1.816,4.2389
20161012,WEC,190,1.5579,2.8961
20161012,CTAS,15,3.1685,1.6827
20161012,QCOM,120,0.233,1.9131
20161012,AMGN,17,-0.8487,2.0389
20161012,GILD,23,-0.8101,1.5039
20161012,MU,27,0.3078,2.682
20161012,MRVL,13,0.6824,2.9547
20161012,GEHC,16,0.7347,1.0916
20161012,AEP,15,1.7074,1.7217
20161012,HINDUNILVR.NS,174,-0.8383,2.9802
20161012,INTC,446,0.1003,2.8285
20161012,WIPRO.NS,34,1.2135,2.1605
20161012,EICHERMOT.NS,1,-0.5199,0.0
20161012,AXISBANK.NS,15,0.0533,1.5435
20161012,BEL.NS,2,0.1169,0.9006
20161012,TECHM.NS,2,2.8977,1.3413
20161012,TCS.NS,19,-0.0434,2.8604
20161012,MELI,10,0.0096,1.4381
20161012,MAR,53,1.7187,2.3753
20161012,ORLY,62,-6.4943,2.2515
20161012,TSLA,124,0.3882,2.1132
20161012,AZN,57,-0.8278,1.6235
20161012,PANW,25,-0.1719,1.8402
20161012,SIEMENS.NS,84,1.0619,2.4037
20161012,HON,106,1.2749,2.2885
20161012,EXC,15,0.2437,0.751
20161012,DABUR.NS,5,2.2459,1.5299
20161012,LICI.NS,12,1.6078,3.425
20161012,NVDA,61,0.4576,1.5986
20161012,GODREJCP.NS,32,2.3358,2.1913
20161012,SUNPHARMA.NS,12,-2.8653,3.3226
20161012,BPCL.NS,23,-0.7155,1.3749
20161012,HINDPETRO.NS,38,-1.1959,1.2546
20161012,ICICIBANK.NS,14,0.9713,1.5576
20161012,PEP,74,0.9046,2.7981
20161012,CTSH,9,2.5914,1.3941
20161012,KLAC,6,1.7624,0.8378
20161012,RELIANCE.NS,42,-0.3137,1.6685
20161012,TXN,26,1.4081,1.2601
20161012,TATASTEEL.NS,30,-0.6588,2.1359
20161012,STX,41,-1.0695,1.77
20161012,ARM,20,-1.1392,1.4021
20161012,ODFL,4,1.4378,0.2089
20161012,REGN,6,0.1841,1.5516
20161012,IRCTC.NS,15,1.1815,1.6419
20161012,PAGEIND.NS,1,2.682,0.0
20161012,GRASIM.NS,3,1.6174,0.9742
20161012,PIDILITIND.NS,3,1.9832,0.7973
20161012,KEI.NS,1,2.682,0.0
20161012,HINDALCO.NS,3,-1.2589,5.1035
20161012,BRITANNIA.NS,1,2.682,0.0
20161012,HINDZINC.NS,1,13.5593,0.0
20161012,ASIANPAINT.NS,2,0.6138,0.2713
20161012,BERGEPAINT.NS,1,0.4219,0.0
20161012,ROST,5,2.0407,1.6641
20161012,EA,21,1.5398,2.6977
20161012,ADI,17,0.3993,1.347
20161012,CIPLA.NS,13,0.2025,1.3601
20161012,PFC.NS,4,-0.5197,1.5489
20161012,POWERGRID.NS,4,-2.4163,0.1715
20161012,FAST,5,-0.8496,1.8977
20161012,PYPL,7,-2.6759,2.5834
20161012,BKR,23,-1.5071,1.6311
20161012,CDNS,10,1.5706,1.2926
20161012,CUMMINSIND.NS,17,2.1208,2.0802
20161012,ONGC.NS,13,1.4292,1.0959
20161012,WDC,21,-0.1475,2.2665
20161012,PCAR,6,1.6483,2.232
20161012,VRSK,1,0.5025,0.0
20161012,CSX,7,-1.4764,2.0375
20161012,SHOP,9,3.0953,1.838
20161012,LRCX,14,-0.8072,2.2134
20161012,VRTX,7,2.3434,0.6859
20161012,CPRT,2,2.4043,1.7895
20161012,AMAT,18,1.2812,1.7196
20161012,TITAN.NS,10,2.6959,1.6898
20161012,KHC,3,-0.9984,1.2941
20161012,ILMN,20,-1.5471,1.8036
20161012,BIIB,4,0.502,0.5894
20161012,ABNB,5,-0.3715,1.0506
20161012,ADP,1,0.565,0.0
20161012,ACC.NS,1,1.7921,0.0
20161012,VEDL.NS,6,-1.1766,3.1051
20161012,MDLZ,21,1.3684,2.9755
20161012,AVGO,16,1.2817,0.8641
20161012,KOTAKBANK.NS,11,1.8571,2.0634
20161012,MCHP,10,0.695,0.466
20161012,HAL.NS,4,-1.5136,1.8707
20161012,INTU,4,2.0027,3.1319
20161012,ADANIGREEN.NS,22,0.3246,1.7679
20161012,RECLTD.NS,1,1.4688,0.0
20161012,MNST,1,0.2721,0.0
20161012,SNPS,3,2.0861,0.1309
20161012,IDXX,5,0.4842,1.0263
20161012,AMD,4,-1.3624,0.6129
20161012,MPHASIS.NS,2,1.0569,1.0307
20161012,INDHOTEL.NS,2,3.3497,1.0779
20161012,CEG,2,2.4112,1.7412
20161012,BAJAJ-AUTO.NS,3,0.2753,0.7054
20161012,TTWO,2,2.9007,0.4826
20161012,ISRG,3,-1.746,1.9445
20161012,DXCM,2,0.0,0.0
20161012,ADBE,4,1.9645,3.4917
20161012,WDAY,2,-0.5712,0.0171
20161012,COALINDIA.NS,2,-0.3685,1.2448
20161012,ETERNAL.NS,3,0.048,1.7585
20161012,BLD,1,0.8333,0.0
20161012,KDP,2,3.2372,2.7009
20161012,LULU,3,3.6549,2.292
20161012,TEAM,1,0.1185,0.0
20161012,LUPIN.NS,3,-0.8747,0.12
20161012,OBEROIRLTY.NS,1,1.3997,0.0
20161012,PAYX,2,1.9504,0.3613
20161012,AUROPHARMA.NS,1,-0.5284,0.0
